Business Registration Number:,Website:,email,phone
875769515RR0001,,N/A,N/A
107445736RR0001,,N/A,N/A
107502031RR0001,,N/A,N/A
893184473RR0001,,N/A,N/A
805830577RR0001,,N/A,N/A
119309938RR0001,,N/A,N/A
119309946RR0001,WWW.100MILEBAPTIST.COM,baptistchurch@shaw.ca,N/A
765886288RR0001,,N/A,N/A
119309995RR0001,www.kingston.quaker.ca,N/A,N/A
792067688RR0001,,N/A,N/A
705524932RR0001,www.christcommunitypei.ca,office@christcommunitypei.ca,N/A
122647001RR0001,,N/A,N/A
769707886RR0001,,N/A,N/A
769847120RR0001,www.15-5.ca,contact@15-5.ca,N/A
854303583RR0001,,N/A,N/A
889523791RR0001,,N/A,N/A
133923771RR0001,,N/A,N/A
828894014RR0001,,N/A,N/A
825250566RR0001,,N/A,N/A
791662919RR0001,,N/A,N/A
744160003RR0001,www.419ministries.ca,N/A,N/A
889280103RR0001,FIVESTONESCHURCH.ORG,prayer@fivestoneschurch.org,N/A
843182197RR0001,WWW.614CHURCH.COM,N/A,N/A
869799205RR0001,,N/A,N/A
848640298RR0001,,N/A,N/A
866863483RR0001,WWW.ACOFM.ORG,N/A,N/A
872218565RR0001,,N/A,N/A
757941919RR0001,,N/A,N/A
780805693RR0001,,N/A,N/A
866781552RR0001,AARONHOUSECHURCH.COM,N/A,N/A
810396192RR0001,WWW.AARONMINISTRIES.CA,N/A,N/A
801509340RR0001,,N/A,N/A
139024855RR0001,,N/A,N/A
106679178RR0001,,N/A,N/A
833844442RR0001,,N/A,N/A
118775980RR0001,ABBYBAPTIST.COM,info@seedlingchurch.ca,(604) 853-5821
816693956RR0001,,N/A,N/A
867876906RR0001,WWW.ABBOTSFORDCOMMUNITYCHURCH.ORG,N/A,N/A
869523324RR0001,,N/A,N/A
118776087RR0001,,N/A,N/A
118776103RR0001,ww.apaonline.ca,N/A,N/A
823648092RR0001,,N/A,N/A
765929286RR0001,,N/A,N/A
849934872RR0001,WWW.AFBC.BC.CA,N/A,N/A
765975487RR0001,,N/A,N/A
106680127RR0001,,N/A,N/A
106680085RR0001,WWW.ABERDEENEMC.CA,N/A,N/A
873601694RR0001,www.abhishekassembly.com,N/A,N/A
862670296RR0001,,N/A,N/A
118776327RR0001,WWW.ABIDINGWORD.CA,N/A,N/A
711308494RR0001,,N/A,N/A
750430472RR0001,,N/A,N/A
855913869RR0001,,N/A,N/A
748519329RR0001,www.dcfcburnaby.com,N/A,N/A
782769863RR0001,www.aboutchristministries.org,Info@aboutchristministries.org,N/A
806652145RR0001,WWW.ABOVEANDBEYONDMINISTRIES.CA,aandbministries@gmail.com,N/A
854346905RR0001,WWW.ABOVEALLCHRISTIAN.ORG,N/A,N/A
752326728RR0001,,N/A,N/A
885412403RR0001,,N/A,N/A
106680820RR0001,,N/A,N/A
132947466RR0001,ALBC.CA,info@albc.ca,N/A
118933746RR0001,,N/A,N/A
118776459RR0001,BRIDGESCHURCH.COM,info@bridgeschurch.com,N/A
891757841RR0001,,N/A,N/A
106680861RR0001,WWW.ABUNDANTLIFECHAPEL.CA,general@abundantlifechapel.ca,N/A
835050840RR0001,WWW.ABUNDANTLIFECBC.ORG,N/A,N/A
118776475RR0001,,N/A,N/A
107293607RR0001,,N/A,N/A
850841446RR0001,,N/A,N/A
118860857RR0001,WWW.ABUNDANTLIFECOG.CA,abundantlifeassist@gmail.com,N/A
889791729RR0001,,N/A,N/A
814807624RR0001,ALC-CALGARY,N/A,N/A
133537035RR0001,WWW.ALCCNET.COM,churchalcc1@gmail.com,5198584123
779431121RR0001,,N/A,N/A
873687115RR0001,ABUNDANTLIFELUTHERAN.CA,N/A,N/A
840574701RR0002,,N/A,N/A
131273252RR0001,WWW.ABUNDANTLIFEMINISTRIES.CA,almadmin@telus.net,N/A
840492946RR0001,WWW.ABUNDANTLIFEPA.COM,office@abundantlifepa.com,N/A
757384698RR0001,,N/A,N/A
870562832RR0001,,N/A,N/A
132521543RR0001,ALVC.ORG,N/A,N/A
106680838RR0001,,N/A,N/A
861552792RR0001,,N/A,N/A
132813098RR0001,ABUNDANTSPRINGS.CHURCH,hello@abundantsprings.church,N/A
106680978RR0001,,N/A,N/A
139024830RR0001,,N/A,N/A
118823061RR0001,,N/A,N/A
747610889RR0001,,N/A,N/A
118860907RR0001,,N/A,N/A
842257248RR0001,WWW.ACHIEVERSFAITHINTERNATIONALMINISTRIES.COM,N/A,N/A
888702990RR0001,,N/A,N/A
885029843RR0001,WWW.ECOLEHAITI.ORG,N/A,N/A
821656329RR0001,,N/A,N/A
862206349RR0001,,N/A,N/A
851223495RR0001,,N/A,N/A
836860767RR0001,,N/A,N/A
853062362RR0001,WWW.ACTS29.CA,N/A,N/A
820402360RR0001,,N/A,N/A
890175573RR0001,,N/A,N/A
891114241RR0001,WWW.ADDISONUNITED.CA,N/A,N/A
106685613RR0001,ADMASTONPC.COM,N/A,N/A
889683165RR0001,,N/A,N/A
118777648RR0001,,N/A,N/A
848101267RR0001,,N/A,N/A
877176305RR0001,,N/A,N/A
739185692RR0001,,N/A,N/A
118777820RR0001,,N/A,N/A
118777887RR0001,,N/A,N/A
118777903RR0001,WWW.ADVENTLUTHERAN.CA,info@adventlutheran.caWe,403-239-6966
132350349RR0001,ADVENTLUTHERANCHURCH.CA,N/A,N/A
106686603RR0001,,N/A,N/A
106686959RR0001,WWW.AENONBAPTISTCHURCH.CA,N/A,N/A
731175881RR0001,,N/A,N/A
726643927RR0001,,N/A,N/A
890096191RR0001,WWW.GRANTAME.COM,grantamechurch@yahoo.ca,416-690-5169
769974940RR0001,www.tcbcagape.ca/,N/A,N/A
865470298RR0001,AGAPECHURCH.CA,zhu.ai.tang@outlook.com,N/A
892205048RR0001,www.agapechristianchurch.ca,N/A,N/A
836931717RR0001,,N/A,N/A
118778380RR0001,,N/A,N/A
817348477RR0001,,N/A,N/A
894200864RR0001,,N/A,N/A
770060705RR0001,,N/A,N/A
830837209RR0001,AGAPEHOUSECANADA.COM,info@agapehousecanada.ca,N/A
813200052RR0001,,N/A,N/A
702624313RR0001,,N/A,N/A
890565146RR0001,www.agapeministriescan.ca,N/A,N/A
856217906RR0001,,N/A,N/A
805693116RR0001,,N/A,N/A
821103116RR0001,,N/A,N/A
890144975RR0001,WWW.JESUSISTHEANSWER.CA,N/A,N/A
765839311RR0001,,N/A,N/A
132643883RR0001,WWW.AGASSIZUNITED.CA,N/A,N/A
118778588RR0001,WWW.AGINCOURTBC.NET,291-0191Emailcontact@agincourtbc.netFirst,N/A
893165167RR0001,,N/A,N/A
745185686RR0001,,N/A,N/A
841592686RR0001,WWW.AGINCOURTGOSPELHALL.COM,N/A,N/A
712036672RR0001,,N/A,N/A
809459357RR0001,,N/A,N/A
135773810RR0001,,N/A,N/A
868959263RR0001,,N/A,N/A
767671886RR0001,,N/A,N/A
826178097RR0001,,N/A,N/A
892128265RR0001,WWW.ASSISTCANADA.CA,N/A,N/A
871375721RR0001,WWW.AILSACRAIGAREAFOODBANK.WEBS.COM,N/A,N/A
118779149RR0001,,N/A,N/A
870327731RR0001,AIR RONGE PENTECOSTAL CHURCH,N/A,N/A
775472475RR0001,,N/A,N/A
766542120RR0001,,N/A,N/A
130172521RR0001,,N/A,N/A
118779883RR0001,,N/A,N/A
793688102RR0001,www.sunsettabernacle.com,pageinfo@sunsettabernacle.com,N/A
894147735RR0001,,N/A,N/A
861458263RR0001,,N/A,N/A
775809957RR0001,WWW.AJAXALLIANCECHURCH.COM,N/A,N/A
106690597RR0001,WWW.AJAXBAPTIST.CA,ajaxbaptist@rogers.com,N/A
828226233RR0001,www.ajaxcos.ca,N/A,N/A
774291082RR0001,WWW.CONNECTAJAX.COM,connectajax@gmail.com,N/A
784342669RR0001,,N/A,N/A
835990086RR0001,,N/A,N/A
807611298RR0001,,N/A,N/A
777096264RR0001,www.alabasterheartinternational.org,N/A,N/A
118780048RR0001,,N/A,N/A
891787780RR0001,,N/A,N/A
107385676RR0001,WWW.AVCRC.ORG,pastor@avcrc.org,N/A
108006511RR0001,ALBERNIVALLEYUC.COM,N/A,N/A
118781350RR0001,,N/A,N/A
118781426RR0001,,N/A,N/A
118780279RR0001,,N/A,N/A
891240079RR0001,STDENNIS.CA,N/A,N/A
744554288RR0001,,N/A,N/A
764976288RR0001,,N/A,N/A
764347712RR0001,,N/A,N/A
764348314RR0001,,N/A,N/A
764969085RR0001,,N/A,N/A
764343117RR0001,,N/A,N/A
764980280RR0001,,N/A,N/A
764966883RR0001,,N/A,N/A
764340113RR0001,,N/A,N/A
764340717RR0001,,N/A,N/A
764342515RR0001,,N/A,N/A
764344313RR0001,,N/A,N/A
764342317RR0001,,N/A,N/A
764349718RR0001,,N/A,N/A
748142510RR0001,,N/A,N/A
764971081RR0001,JW.ORG,N/A,N/A
764341715RR0001,,N/A,N/A
764975082RR0001,,N/A,N/A
108070822RR0001,www.abmb.ca,N/A,N/A
118780980RR0001,,N/A,N/A
130559404RR0001,,N/A,N/A
106703382RR0001,,N/A,N/A
747935112RR0001,,N/A,N/A
118781392RR0001,WWW.ALBERTONCHURCH.CA,N/A,N/A
737007120RR0001,,N/A,N/A
867619058RR0001,,N/A,N/A
825585540RR0001,,N/A,N/A
747864882RR0001,,N/A,N/A
745149682RR0001,,N/A,N/A
850021429RR0001,WWW.ALBRIGHTCHURCH.COM,N/A,N/A
868760307RR0001,ALDERBROOKCHURCH.COM,N/A,N/A
106696537RR0001,WWW.ALDERGROVEALLIANCE.ORG,N/A,N/A
765273115RR0001,,N/A,N/A
887979243RR0001,WWW.ALDERGROVEGOSPELCHAPEL.CA,aldergrovegospelchapel@gmail.com,N/A
133449223RR0001,,N/A,N/A
745604488RR0001,,N/A,N/A
118781855RR0001,,N/A,N/A
744636317RR0001,,N/A,N/A
106696784RR0001,WWW.ALDERWOODUC.CA,info@alderwooduc.ca,N/A
744595711RR0001,,N/A,N/A
887860260RR0001,,N/A,N/A
118782069RR0001,,N/A,N/A
118782077RR0001,,N/A,N/A
118782101RR0001,,N/A,N/A
107293672RR0001,WWW.ALEXISPARKCHURCH.COM,N/A,N/A
854257003RR0001,WWW.ALGONQUINCOLLEGE.COM/CAMPUS-MINISTRY,N/A,N/A
107771370RR0001,,N/A,N/A
788745941RR0001,,N/A,N/A
119192565RR0001,,N/A,N/A
710817289RR0001,,N/A,N/A
140784513RR0001,,N/A,N/A
106700198RR0001,,N/A,N/A
890669393RR0001,DPMCDERMAND@GMAIL.COM,N/A,N/A
767111537RR0001,,N/A,N/A
808586895RR0001,WWW.ALLACCESSMINISTRIES.ORG,411@access52.com,N/A
106702608RR0001,,N/A,N/A
721798916RR0001,,N/A,N/A
106702590RR0001,WWW.ALLNATIONSCRC.ORG,N/A,N/A
865363881RR0001,WWW.ANBC.CA,N/A,N/A
134748805RR0001,,N/A,N/A
118860634RR0001,,N/A,N/A
888061371RR0001,PRAY.CA,N/A,N/A
888021847RR0001,WWW.ANFGC.ORG,CanadaPHONE1-888-263-4272EMAILinfo@anfgc.orgApple,N/A
820671972RR0001,www.ansbctoronto.org,anbctoronto@gmail.com,N/A
140644667RR0001,WWW.LIGHTHOUSECANADA.ORG,N/A,N/A
889206892RR0001,,N/A,N/A
138197587RR0001,,N/A,N/A
106702699RR0001,,N/A,N/A
118783406RR0002,,N/A,N/A
106702756RR0001,WWW.ALLSAINTSKINGCITY.COM,N/A,N/A
106702806RR0002,ALLSAINTSWINDSOR.CA,N/A,N/A
118783109RR0002,,N/A,N/A
118783117RR0001,,N/A,N/A
118783133RR0001,,N/A,N/A
118783141RR0001,,N/A,N/A
118783158RR0001,,N/A,N/A
118783190RR0002,,N/A,N/A
130113798RR0001,ALLSAINTSMEDICINEHAT.COM,ABguysnell@alumni.uwo.ca,N/A
132960550RR0002,,N/A,N/A
870079886RR0001,,N/A,N/A
889162772RR0001,,N/A,N/A
887394260RR0001,,N/A,N/A
819511882RR0001,WWW.ASNACHURCH.COM,N/A,N/A
888025848RR0001,,N/A,N/A
133279620RR0002,WWW.ALLSAINTSANGLICAN.CA,N/A,N/A
701953689RR0001,,N/A,N/A
889441242RR0002,,N/A,N/A
106702764RR0001,WWW.ALLSAINTSWHITBY.ORG,N/A,N/A
106702780RR0001,WWW.ALLSAINTSCOLLINGWOOD.COM,N/A,N/A
106702970RR0002,WWW.ALLSAINTSHUNTSVILLE.CA,N/A,N/A
118783356RR0002,,N/A,N/A
118783372RR0001,,N/A,N/A
118783422RR0002,WWW.ALLSAINTSDEUXMONTAGNES.CA,N/A,N/A
118783430RR0001,WWW.ALLSAINTSPETERBOROUGH.ORG,saints@allsaintspeterborough.org,N/A
118783554RR0002,,N/A,N/A
118783562RR0002,ALLSAINTSWATERLOO.CA,contact@allsaintswaterloo.ca,N/A
118783620RR0002,,N/A,N/A
118783653RR0002,,N/A,N/A
118783695RR0001,,N/A,N/A
118783711RR0001,,N/A,N/A
118783729RR0001,,N/A,N/A
131369209RR0001,,N/A,N/A
132001884RR0001,ALLSAINTSSASKATOON.ORG,N/A,N/A
135347524RR0002,,N/A,N/A
736806894RR0001,ALLSAINTSTORONTO.COM,admin@allsaintstoronto.comDrop,N/A
106703036RR0001,WWW.ALLSAINTSKINGSWAY.CA,office@allsaintskingsway.ca,N/A
872563960RR0001,,N/A,N/A
839297553RR0001,ALLSAINTSWHITEROCK.COM,atallsaintswhiterock@gmail.com,N/A
106703051RR0001,,N/A,N/A
119195857RR0001,allsaintsguelph.ca/,allsaints@allsaintsguelph.ca,519-821-7710
106703101RR0001,NONE,N/A,N/A
118783869RR0001,,N/A,N/A
118783877RR0001,WWW.ALLSAINTSLUTHERAN.CA,secretary@allsaintslutheran.ca,N/A
891027989RR0001,WWW.ALLSAINTSLUTHERANCHURCH.CA,N/A,N/A
864972229RR0001,allsaintsofalaska.ca,frkyleparrott@gmail.com,N/A
842930349RR0001,WWW.ASNA.CA,N/A,N/A
136963493RR0001,,N/A,N/A
851852517RR0001,,N/A,N/A
818757312RR0001,,N/A,N/A
863001293RR0001,ALLSAINTSCALGARY.CA,allsaintscalgarytraditional@gmail.com,N/A
118783950RR0001,WWW.TANOWVENTURES.COM,N/A,N/A
118784008RR0001,,N/A,N/A
130491103RR0001,,N/A,N/A
118783323RR0001,WWW.ALLSAINTSCHURCH.CA,allsaintschinese@gmail.com,N/A
893632455RR0001,,N/A,N/A
893072975RR0001,,N/A,N/A
867571044RR0001,WWW.TOTISFINTII.COM,N/A,N/A
119132694RR0001,,N/A,N/A
887480994RR0001,,N/A,N/A
811037027RR0001,,N/A,N/A
118784099RR0001,ATMCCANADA.ORG,N/A,N/A
106700370RR0001,WWW.ALLANBAPTISTCHURCH.CA,N/A,N/A
779552892RR0001,,N/A,N/A
106701493RR0001,,N/A,N/A
118782630RR0001,,N/A,N/A
118782630RR0002,,N/A,N/A
118782630RR0003,WWW.MONTREALALLIANCE.ORG,N/A,N/A
118782630RR0004,WWW.EGLISEDUBERGER.ORG,E-mailinfo@egliseduberger.org,N/A
118782630RR0005,,N/A,N/A
118782630RR0008,,N/A,N/A
118782630RR0009,,N/A,N/A
118782630RR0010,,N/A,N/A
118782630RR0013,,N/A,N/A
118782630RR0014,,N/A,N/A
118782630RR0015,,N/A,N/A
118782630RR0016,FAIRVIEWALLIANCE.ORG,N/A,N/A
118782630RR0017,,N/A,N/A
118782630RR0018,,N/A,N/A
118782630RR0019,,N/A,N/A
118782630RR0020,,N/A,N/A
118782630RR0022,ENFUALLIANCE.ORG,enfutang@gmail.com,N/A
118782630RR0023,WWW.ENYUALLIANCE.ORG,N/A,N/A
118782630RR0024,,N/A,N/A
118782630RR0025,,N/A,N/A
118782630RR0026,,N/A,N/A
118782630RR0028,,N/A,N/A
118782630RR0029,,N/A,N/A
894034776RR0001,WWW.REVELSTOKEALLIANCE.COM,office@revelstokealliance.com,N/A
129880886RR0001,ABALLIANCECHURCH.COM,office@aballiancechurch.com,N/A
106701931RR0001,WWW.LARONGEALLIANCE.CA,N/A,N/A
757621115RR0001,WWW.ALLIANCECOMMUNITYCHURCH.CA,office@alliancecommunitychurch.ca,N/A
118966035RR0001,,N/A,N/A
835893801RR0001,,N/A,N/A
765518469RR0001,,N/A,N/A
106702475RR0001,WWW.ALLISTONALLIANCE.ORG,info@allistonalliance.org.Our,N/A
758242713RR0001,,N/A,N/A
864141221RR0001,,N/A,N/A
132813411RR0001,,N/A,N/A
851943019RR0001,WWW.ALMABIBLECHURCH.CA,office@almabiblechurch.org,N/A
118784123RR0001,,N/A,N/A
131685570RR0001,WWW.ALMAGUINCHURCH.ORG,AEMCpastor@gmail.com,N/A
898630306RR0001,,N/A,N/A
138603097RR0001,,N/A,N/A
872201496RR0001,,N/A,N/A
118784198RR0001,,N/A,N/A
118784222RR0001,,N/A,N/A
895088235RR0001,,N/A,N/A
792952723RR0001,,N/A,N/A
716274691RR0001,www.alphabncc.com/,14office@alphabncc.com,N/A
860699164RR0001,WWW.AKUC.ORG,N/A,N/A
807498712RR0001,,N/A,N/A
886676881RR0001,,N/A,N/A
106704174RR0001,WWW.ALPINECHURCHOFGOD.COM,N/A,N/A
118784438RR0001,HAFSTHOM@TELUS.NET,N/A,N/A
118784446RR0001,,N/A,N/A
865247456RR0001,WWW.ALTAVISTABAPTIST.ORG,office@altavistabaptist.org,N/A
758660682RR0001,,N/A,N/A
118784461RR0001,,N/A,N/A
118784719RR0001,,N/A,N/A
856164082RR0001,,N/A,N/A
890379191RR0001,,N/A,N/A
764930889RR0001,,N/A,N/A
118784636RR0001,,N/A,N/A
106704752RR0001,WWW.ALTONAMENNONITECHURCH.CA,N/A,N/A
118784669RR0001,,N/A,N/A
118784685RR0001,,N/A,N/A
729275073RR0001,,N/A,N/A
118785187RR0001,,N/A,N/A
824420400RR0001,,N/A,N/A
753226315RR0001,,N/A,N/A
808594733RR0001,,N/A,N/A
734254808RR0001,,N/A,N/A
888178258RR0001,WWW.AGCFCA.NET,N/A,N/A
893771261RR0001,,N/A,N/A
119019842RR0001,,N/A,N/A
782369664RR0001,www.agccl.org/,30amamazinggracepca@gmail.com,N/A
892477415RR0001,,N/A,N/A
757929096RR0001,,N/A,N/A
886223403RR0001,,N/A,N/A
770428886RR0001,,N/A,N/A
717399091RR0001,,N/A,N/A
801730409RR0002,,N/A,N/A
844273961RR0001,,N/A,N/A
131634644RR0001,,N/A,N/A
747611481RR0001,,N/A,N/A
884913518RR0001,WWW.AMICOV.CA,N/A,N/A
746969534RR0001,amberchurchwinnipeg.org,contact@amberchurchwinnipeg.org,N/A
118785351RR0001,WWW.AMBERLEACHURCH.CA,N/A,N/A
895754265RR0001,WWW.AMBLESIDEBAPTIST.CA,info@amblesidebaptist.ca,N/A
866893811RR0001,WWW.PILLAR-RESTORATION.ORG,N/A,N/A
705758670RR0001,,N/A,N/A
745563684RR0001,,N/A,N/A
765312319RR0001,,N/A,N/A
130106040RR0001,,N/A,N/A
106708159RR0001,,N/A,N/A
897017885RR0001,,N/A,N/A
871676243RR0001,,N/A,N/A
888379443RR0001,,N/A,N/A
889988770RR0001,,N/A,N/A
792035115RR0001,jeanshambaministries.org,46gestion@jeanshambaministries.org,N/A
889256640RR0001,WWW.ANANDAMARGA.CA,N/A,N/A
130652548RR0001,,N/A,N/A
798049094RR0001,WWW.ANCASTERVILLAGECHURCH.CA,N/A,N/A
865563118RR0001,ANCHOREDINJESUS.COM,anchorbaptistburnaby@gmail.com,N/A
836834523RR0001,ANCHORCITYCHURCH.CA,info@anchorcitychurch.ca,N/A
735580912RR0001,,N/A,N/A
802226977RR0001,,N/A,N/A
714416112RR0001,,N/A,N/A
118786425RR0001,,N/A,N/A
140784448RR0002,,N/A,N/A
106710932RR0001,,N/A,N/A
118786490RR0001,,N/A,N/A
118786516RR0001,,N/A,N/A
807796313RR0001,,N/A,N/A
754270510RR0001,www.acoan.org,N/A,N/A
118786599RR0002,,N/A,N/A
106712821RR0001,STJUDESBRAMPTON.WIXSITE.COM/STJUDESANGLICAN,N/A,N/A
814348603RR0001,ASCENSIONLANGLEY.CA,ascensionlangley@gmail.com,N/A
826031627RR0001,WWW.MESSIAHCHURCH.CA,0E1INFO@MESSIAHCHURCH.CA,N/A
846353472RR0001,WWW.ANGLICANCHURCHREGINA.COM,N/A,N/A
782110274RR0001,,N/A,N/A
832496855RR0001,WWW.ANGLICANCOMMUNIONALLIANCE.CA,N/A,N/A
823050919RR0001,WWW.MACANADA.ORG,N/A,N/A
833131907RR0001,www.gsrichmond.ca,N/A,N/A
841055205RR0001,WWW.GOODSHEPHERDSTCATHARINES.CA,N/A,N/A
861091981RR0001,WWW.ANGLICANNETWORK.CA,N/A,N/A
118861384RR0001,,N/A,N/A
136687209RR0002,,N/A,N/A
132806472RR0002,WWW.MONTREALCATHEDRAL.CA,N/A,N/A
896411295RR0002,ANGLICANPARISHOFEASTERNPASSAGE.CA,N/A,N/A
106713282RR0001,,N/A,N/A
106713290RR0001,WWW.ESTEVANANGLICAN.COM,N/A,N/A
815965223RR0001,,N/A,N/A
106713365RR0001,,N/A,N/A
106713456RR0001,,N/A,N/A
118783398RR0001,,N/A,N/A
118786896RR0001,,N/A,N/A
106713423RR0001,,N/A,N/A
888307592RR0001,,N/A,N/A
895799351RR0001,,N/A,N/A
106713522RR0001,,N/A,N/A
893117440RR0001,,N/A,N/A
889835047RR0002,,N/A,N/A
819179748RR0001,,N/A,N/A
108140237RR0001,,N/A,N/A
118787001RR0001,,N/A,N/A
118787019RR0001,WWW.STDAVIDSPA.ORG,N/A,N/A
131380024RR0002,,N/A,N/A
132350109RR0001,,N/A,N/A
808499792RR0001,,N/A,N/A
118787035RR0001,,N/A,N/A
129759569RR0001,WWW.STPATRICKSANGLICAN.CA,N/A,N/A
119187029RR0002,,N/A,N/A
867995771RR0001,www.parishoftyenindaga.com,N/A,N/A
890054646RR0001,www.christchurchvalcartier.com,N/A,N/A
131513897RR0001,,N/A,N/A
118787142RR0001,BC.ANGLICAN.CA,synod@bc.anglican.ca,N/A
118787142RR0003,WWW.STPHILIPCEDAR.CA,admin@stphilipcedar.ca,N/A
118787142RR0005,WWW.STPETERANDPAUL.CA,admin@stpeterandpaul.ca,N/A
118787142RR0007,WWW.STPAULSNANAIMO.CA,admin@stpaulsnanaimo.ca,N/A
118787142RR0008,,N/A,N/A
118787142RR0010,,N/A,N/A
118787142RR0011,WWW.SALTSPRINGANGLICAN.CA,admin@saltspringanglican.ca,N/A
118787142RR0012,STMARGARETSGALIANO.COM,admin@stmargaretsgaliano.com,N/A
118787142RR0015,,N/A,N/A
118787142RR0016,,N/A,N/A
118787142RR0017,CHRISTCHURCHCATHEDRAL.BC.CA,admin@christchurchcathedral.bc.ca,N/A
118787142RR0019,WWW.STBARNABASCHURCH.CA,admin@stbarnabaschurch.ca,N/A
118787142RR0020,WWW.STGEORGECADBOROBAY.CA,admin@stgeorgecadborobay.ca,N/A
118787142RR0021,STJOHNTHEDIVINE.BC.CA,admin@stjohnthedivine.bc.ca,N/A
118787142RR0022,WWW.STLUKESVICTORIA.CA,admin@stlukecedarhill.ca,N/A
118787142RR0023,,N/A,N/A
118787142RR0024,STPHILIPVICTORIA.CA,admin@stphilipvictoria.ca,N/A
118787142RR0026,,N/A,N/A
118787142RR0027,STPETERSTCHRISTOPHER.WORDPRESS.COM,admin@pendersaturnaanglican.ca,N/A
118787142RR0028,WWW.STANDREWSSIDNEY.BC.ANGLICAN.CA,N/A,N/A
118787142RR0029,WWW.STDAVIDBYTHESEA.CA,N/A,N/A
118787142RR0030,SAINTDUNSTANS.CA,N/A,N/A
118787142RR0031,WWW.MAYNEISLAND.COM/STMARYMAGDALENE,N/A,N/A
118787142RR0032,WWW.STMARYSSAANICHTON.BC.CA,N/A,N/A
118787142RR0033,www.stmikes.victoria.ca,N/A,N/A
118787142RR0035,WWW.COLWOODANGLICAN.COM,N/A,N/A
118787142RR0038,HOLYTRINITYSOOKEBC.ORG,N/A,N/A
118787142RR0041,WWW.STMARYSMETCHOSIN.CA,admin@stmarysmetchosin.ca,N/A
118787142RR0043,COWICHANANGLICAN.CA,incumbent@cowichananglican.ca,N/A
118787142RR0045,www.stjohnscobblehill.ca,admin@stjohnscobblehill.ca,N/A
118787142RR0046,WWW.STJOHNTHEBAPTISTCHURCH.CA,N/A,N/A
118787142RR0047,,N/A,N/A
118787142RR0049,ONEOPENCIRCLE.ORG,admin@OneOpenCircle.org,N/A
118787142RR0051,SJTDCOURTNEAY.CA,N/A,N/A
118787142RR0052,WWW.STMARKSQUALICUM.BC.CA,admin@stmarkqualicum.ca,N/A
118787142RR0053,WWW.STMARYSNB.ORG,N/A,N/A
118787142RR0054,WWW.STPETERSCOMOX.CA,you@shaw.ca,N/A
118787142RR0055,,N/A,N/A
118787142RR0056,STCOLUMBAPORTHARDY.CA,admin@stcolumbaporthardy.ca,N/A
118787159RR0001,,N/A,N/A
118787175RR0001,,N/A,N/A
106714264RR0001,,N/A,N/A
869486787RR0001,,N/A,N/A
106714637RR0001,SITES.GOOGLE.COM/SITE/TRINITYANNANUNITEDCHURCH/,N/A,3028594119
876647918RR0001,,N/A,N/A
759034283RR0001,,N/A,N/A
106926082RR0001,,N/A,N/A
137571139RR0001,,N/A,N/A
119302081RR0001,WWW.ANNAPOLISVALLEY.QUAKER.CA,N/A,N/A
892496449RR0001,WWW.ANNAPOLISDIGBYBAPTIST.CA,N/A,N/A
106714710RR0001,,N/A,N/A
884003708RR0001,WWW.OTTAWACATHEDRAL.ORG,annunciationortho@gmail.com,N/A
817969850RR0001,WWW.ANOINTEDCHAPEL.ORG,office@anointedchapel.org,N/A
778830075RR0001,afcmglobal.org/afcm-canada/,N/A,N/A
764254314RR0001,,N/A,N/A
106716459RR0001,,N/A,N/A
893060178RR0001,WWW.ANSGAR.CA,ansgarlc@shaw.ca,N/A
840240295RR0001,,N/A,N/A
118787886RR0001,,N/A,N/A
765975883RR0001,,N/A,N/A
725525315RR0001,,N/A,N/A
137693057RR0001,acmrevivalcentre.com,info@ascentchurch.ca,N/A
890849342RR0001,,N/A,N/A
877172122RR0001,WWW.LOOKJESUS.ORG,N/A,N/A
868238346RR0001,,N/A,N/A
749677878RR0001,,N/A,N/A
845896638RR0001,WWW.ANTIOCHMINISTRY.ORG,N/A,N/A
118788017RR0001,WWW.OURLADYOFLEBANON.ORG,info@ourladyoflebanon.org,N/A
861370997RR0001,,N/A,N/A
107641763RR0001,WWW.LONDONCONFERENCE.CA,hello@londonconference.ca,N/A
106718521RR0001,,N/A,N/A
799271143RR0001,www.apologeticscanada.com,N/A,N/A
853410967RR0001,,N/A,N/A
138095112RR0001,,N/A,N/A
118788173RR0001,WWW.ABIBLECHURCH.COM,N/A,N/A
856036587RR0001,WWW.ABC-EDM.COM,N/A,N/A
106718554RR0001,,N/A,N/A
793286741RR0001,,N/A,N/A
856355029RR0001,,N/A,N/A
106718562RR0001,,N/A,N/A
118788207RR0001,,N/A,N/A
766466114RR0001,,N/A,N/A
118788215RR0001,,N/A,N/A
118788231RR0001,,N/A,N/A
118788231RR0002,,N/A,N/A
118788223RR0001,,N/A,N/A
889045647RR0001,,N/A,N/A
727554115RR0001,,N/A,N/A
717323091RR0001,www.acimca.com,N/A,N/A
892156373RR0001,APOSTOLICCHURCHOFGOD7THDAY.CA,N/A,N/A
889652343RR0001,,N/A,N/A
118788314RR0001,WWW.LIVINGFAITHCHAPEL.CA,4pmEmaillivingfaith@sasktel.netPhone,N/A
118791185RR0001,,N/A,N/A
106718661RR0001,WWW.ACOP.CA,8M51.403.273.5777acop@acop.ca,N/A
106718687RR0001,,N/A,N/A
118788389RR0001,GARDENVILLAGECHURCH.CA,N/A,N/A
118788280RR0001,,N/A,N/A
837098995RR0001,,N/A,N/A
828818906RR0001,,N/A,N/A
118788413RR0001,,N/A,N/A
728068693RR0001,,N/A,N/A
844290478RR0001,,N/A,N/A
736152117RR0001,,N/A,N/A
837867498RR0001,APOSTOLICLIGHTHOUSEWPG.COM,Leonard7@mymts.net,N/A
106718711RR0001,,N/A,N/A
899551659RR0001,WWW.LIGHTHOUSECHURCH.CA,V8T5G7info@lighthousechurch.caText,N/A
118788462RR0001,,N/A,N/A
855856431RR0001,,N/A,N/A
118788488RR0001,,N/A,N/A
107383747RR0001,,N/A,N/A
118788496RR0001,,N/A,N/A
805713054RR0001,,N/A,N/A
804044220RR0001,APCPICKERING.COM,apc@apcpickering.com,N/A
887156214RR0001,,N/A,N/A
119055994RR0001,WWW.NEWLIFE.BC.CA,N/A,N/A
873652226RR0001,,N/A,N/A
822423653RR0001,NONE,N/A,N/A
893955245RR0001,,N/A,N/A
889695243RR0001,,N/A,N/A
118788611RR0001,,N/A,N/A
748172111RR0001,,N/A,N/A
106718919RR0001,WWW.APPLEBYCHURCH.CA,N/A,N/A
747616282RR0001,,N/A,N/A
131801649RR0001,WWW.APPLEWOODUNITED.CA,N/A,N/A
118870336RR0001,,N/A,N/A
870636164RR0001,,N/A,N/A
870679388RR0001,,N/A,N/A
765679519RR0001,,N/A,N/A
744535485RR0001,,N/A,N/A
889918595RR0001,WWW.ABCOTTAWA.COM,N/A,N/A
140267568RR0001,,N/A,N/A
861638286RR0001,,N/A,N/A
830196606RR0001,,N/A,N/A
877418517RR0001,,N/A,N/A
858391733RR0001,,N/A,N/A
118788819RR0001,,N/A,N/A
765387311RR0001,,N/A,N/A
126359116RR0001,,N/A,N/A
764255915RR0001,,N/A,N/A
118788934RR0001,,N/A,N/A
765391917RR0001,,N/A,N/A
127281301RR0001,WWW.ARBUTUSGROVEHURCH.JIGSY.COM,N/A,N/A
733846521RR0001,,N/A,N/A
766395909RR0001,,N/A,N/A
134835297RR0001,WWW.ARCHDIOCESE.CA,webmaster@archdiocese.ca,N/A
719543134RR0001,rebuildingourchurch.ca,N/A,N/A
106720253RR0001,WWW.ARCHREGINA.SK.CA,N/A,N/A
118789213RR0001,,N/A,N/A
765352919RR0001,,N/A,N/A
131861346RR0001,,N/A,N/A
106720717RR0001,,N/A,N/A
890234784RR0001,WWW.ARDENPASTORALCHARGE.CA,N/A,N/A
118789346RR0001,ARDROSSANUNITEDCHURCH.COM,N/A,N/A
118789445RR0001,,N/A,N/A
118789452RR0001,,N/A,N/A
118789460RR0001,WWW.ARBC.SK.CA,argyleroadchurch@gmail.comarbc.sk.ca,N/A
889383196RR0001,,N/A,N/A
892419748RR0001,,N/A,N/A
775251721RR0001,,N/A,N/A
790017289RR0001,,N/A,N/A
743188302RR0001,,N/A,N/A
892473323RR0001,WWW.ARISECANADA.COM,N/A,N/A
758427728RR0001,WWW.ARKOFCHRIST.CA,N/A,N/A
710097312RR0001,,N/A,N/A
762651891RR0001,,N/A,N/A
775485402RR0001,,N/A,N/A
801007808RR0001,,N/A,N/A
118789536RR0001,WWW.ARKELLUNITEDCHURCH.CA,N/A,N/A
118789544RR0001,,N/A,N/A
764928685RR0001,,N/A,N/A
118789601RR0001,,N/A,N/A
838895829RR0001,www.arlingtonwoods.ca,N/A,N/A
892468042RR0001,,N/A,N/A
871850806RR0001,,N/A,N/A
106721434RR0001,,N/A,N/A
848453460RR0001,,N/A,N/A
118789718RR0001,WWW.ABCLAVAL.CA,N/A,N/A
118789726RR0001,,N/A,N/A
888427846RR0001,AECN.CA,N/A,N/A
138445051RR0001,,N/A,N/A
106721681RR0001,,N/A,N/A
129542932RR0001,,N/A,N/A
106721673RR0001,,N/A,N/A
892191396RR0001,,N/A,N/A
106721806RR0001,WWW.ARMOURHEIGHTS.ORG,N/A,N/A
865159636RR0001,ARMSTRONGBIBLECHAPEL.COM,N/A,N/A
106722630RR0001,WWW.ARNAUDCHURCH.CA,N/A,N/A
833534852RR0001,,N/A,N/A
869094524RR0001,WWW.ARNOLDCOMMUNITYCHURCH.COM,office@arnoldcommunitychurch.com,N/A
745601880RR0001,,N/A,N/A
118790195RR0001,,N/A,N/A
118790260RR0001,,N/A,N/A
870275534RR0001,,N/A,N/A
132502691RR0001,WWW.ARROWSMITHCHURCH.COM,N/A,N/A
118790336RR0001,,N/A,N/A
716532304RR0001,,N/A,N/A
837818434RR0001,,N/A,N/A
134934116RR0001,WWW.ARTHURUNITEDCHURCH.CA,N/A,N/A
132239575RR0001,www.myapa.ca,Emailinfo@myapa.ca,519-848-3370
795399948RR0001,artisanchurch.ca/,N/A,N/A
118790807RR0001,,N/A,N/A
118790823RR0001,,N/A,N/A
887332591RR0001,arviatalliancechurch@gmail.com,N/A,N/A
891336349RR0001,,N/A,N/A
898781612RR0001,,N/A,N/A
131586844RR0001,,N/A,N/A
785074527RR0001,WWW.ASBURYFMPERTH.COM,N/A,N/A
106725237RR0001,,N/A,N/A
106725260RR0001,WWW.ALCHURCH.CA,david@melax.ca,N/A
107767279RR0001,,N/A,N/A
118790914RR0001,,N/A,N/A
118790922RR0001,ALCCALGARY.COM,N/A,N/A
866245467RR0001,,N/A,N/A
823072228RR0001,,N/A,N/A
897990230RR0001,,N/A,N/A
892883067RR0001,YAKTAM@HOTMAIL.CA,N/A,N/A
141139584RR0001,,N/A,N/A
765852512RR0001,,N/A,N/A
106726326RR0001,,N/A,N/A
118791060RR0001,,N/A,N/A
118791086RR0001,,N/A,N/A
891374282RR0001,,N/A,N/A
134970813RR0001,,N/A,N/A
862623527RR0001,WWW.ASIAMISSION.ORG,N/A,N/A
709977698RR0001,,N/A,N/A
814966362RR0001,www.asknetwork.ca,shuston888@gmail.com,N/A
890144447RR0001,,N/A,N/A
863981759RR0001,,N/A,N/A
868427618RR0001,WWW.ASQUITHBAPTIST.CA,N/A,N/A
723567111RR0001,,N/A,N/A
118791235RR0001,OPCONOLINE.ORG,N/A,N/A
892574468RR0001,,N/A,N/A
843912445RR0001,,N/A,N/A
815710298RR0001,,N/A,N/A
118791300RR0001,ACBONNENOUVELLE.CA,N/A,N/A
741439517RR0001,,N/A,N/A
131956559RR0001,,N/A,N/A
886965599RR0001,,N/A,N/A
118791318RR0001,,N/A,N/A
832707954RR0001,,N/A,N/A
132003542RR0001,,N/A,N/A
132605544RR0001,,N/A,N/A
118791367RR0001,,N/A,N/A
119012771RR0001,,N/A,N/A
827951179RR0001,www.lacroissance.org,assembleelacroissance@gmail.comNos,N/A
890203045RR0001,,N/A,N/A
118791375RR0001,,N/A,N/A
130114465RR0001,WWW.ASSEMBLEECHRETIENNEDEMONT-TREMBLANT.CA,info@assembleechretiennedemont-tremblant.ca,N/A
118791391RR0001,,N/A,N/A
890359771RR0001,,N/A,N/A
852752690RR0001,WWW.AC-RN.NET,N/A,N/A
106727431RR0001,www.cclapromesse.org,N/A,N/A
132902388RR0001,WWW.ASSEMBLEECHRETIENNEDESOREL.COM,N/A,N/A
134718311RR0001,,N/A,N/A
118791441RR0001,,N/A,N/A
132194507RR0001,,N/A,N/A
888580099RR0001,WWW.ACVA.CA,ensemble@lassemblee.ca,N/A
833226004RR0001,www.espoiretvie.ca,6S4info@espoiretvie.ca418.440.7899www.espoiretvie.caAccueilQui,N/A
118791417RR0001,,N/A,N/A
118791409RR0001,,N/A,N/A
762008530RR0001,,N/A,N/A
837115633RR0001,,N/A,N/A
106727464RR0001,WWW.ECEM.CA,N/A,N/A
827284522RR0001,,N/A,N/A
100295138RR0001,www.acldechateauguay.org,N/A,N/A
730675287RR0001,,N/A,N/A
895295269RR0001,,N/A,N/A
804834943RR0001,,N/A,N/A
869871301RR0001,,N/A,N/A
891534448RR0001,,N/A,N/A
826455198RR0001,WWW.ACMDESCHAILLONS.COM,N/A,N/A
817928963RR0001,,N/A,N/A
724337076RR0001,,N/A,N/A
889188447RR0001,,N/A,N/A
762122539RR0001,,N/A,N/A
758999486RR0001,,N/A,N/A
887978245RR0001,,N/A,N/A
738381284RR0001,,N/A,N/A
747178283RR0001,,N/A,N/A
746418516RR0001,,N/A,N/A
721841518RR0001,,N/A,N/A
720091313RR0001,,N/A,N/A
764948089RR0001,,N/A,N/A
721385516RR0001,,N/A,N/A
721383917RR0001,,N/A,N/A
744363516RR0001,,N/A,N/A
765888482RR0001,,N/A,N/A
746423714RR0001,,N/A,N/A
748732088RR0001,,N/A,N/A
745583088RR0001,,N/A,N/A
743530917RR0001,,N/A,N/A
722888484RR0001,,N/A,N/A
744376518RR0001,,N/A,N/A
743538910RR0001,,N/A,N/A
722433489RR0001,,N/A,N/A
715032116RR0001,,N/A,N/A
721391316RR0001,,N/A,N/A
721352086RR0001,,N/A,N/A
759027683RR0001,,N/A,N/A
722010485RR0001,,N/A,N/A
731919312RR0001,,N/A,N/A
758376685RR0001,,N/A,N/A
722423688RR0001,,N/A,N/A
716020086RR0001,,N/A,N/A
721341089RR0001,,N/A,N/A
744500083RR0001,,N/A,N/A
722843489RR0001,,N/A,N/A
746442318RR0001,,N/A,N/A
722845484RR0001,,N/A,N/A
722340718RR0001,,N/A,N/A
720539089RR0001,,N/A,N/A
724651880RR0001,,N/A,N/A
720732114RR0001,,N/A,N/A
747399681RR0001,,N/A,N/A
747307288RR0001,,N/A,N/A
721592319RR0001,,N/A,N/A
721596914RR0001,,N/A,N/A
722648482RR0001,,N/A,N/A
722598083RR0001,,N/A,N/A
745184481RR0001,,N/A,N/A
757581111RR0001,,N/A,N/A
744532086RR0001,,N/A,N/A
721594711RR0001,,N/A,N/A
720092311RR0001,,N/A,N/A
747339885RR0001,,N/A,N/A
745397281RR0001,,N/A,N/A
720337682RR0001,,N/A,N/A
721548915RR0001,,N/A,N/A
743535312RR0001,,N/A,N/A
712333517RR0001,,N/A,N/A
715999488RR0001,,N/A,N/A
746553312RR0001,,N/A,N/A
722224284RR0001,,N/A,N/A
721191914RR0001,,N/A,N/A
720378686RR0001,,N/A,N/A
747521680RR0001,,N/A,N/A
748893088RR0001,,N/A,N/A
720094317RR0001,,N/A,N/A
721200913RR0001,,N/A,N/A
721127082RR0001,,N/A,N/A
721200111RR0001,,N/A,N/A
721114684RR0001,,N/A,N/A
746410919RR0001,,N/A,N/A
744480682RR0001,,N/A,N/A
747377687RR0001,,N/A,N/A
747526481RR0001,,N/A,N/A
722009883RR0001,,N/A,N/A
746392315RR0001,,N/A,N/A
721118289RR0001,,N/A,N/A
747186682RR0001,,N/A,N/A
722000288RR0001,,N/A,N/A
743558918RR0001,,N/A,N/A
721122687RR0001,,N/A,N/A
744533886RR0001,,N/A,N/A
747185288RR0001,,N/A,N/A
716019286RR0001,,N/A,N/A
746447713RR0001,,N/A,N/A
716508684RR0001,,N/A,N/A
715058111RR0001,,N/A,N/A
721778082RR0001,,N/A,N/A
721792711RR0001,,N/A,N/A
747383289RR0001,,N/A,N/A
746420314RR0001,,N/A,N/A
722671682RR0001,,N/A,N/A
746572718RR0001,,N/A,N/A
716021480RR0001,,N/A,N/A
719512311RR0001,,N/A,N/A
745178285RR0001,,N/A,N/A
746425511RR0001,,N/A,N/A
743497117RR0001,,N/A,N/A
744541285RR0001,,N/A,N/A
746550912RR0001,,N/A,N/A
744441718RR0001,,N/A,N/A
746444314RR0001,,N/A,N/A
748731080RR0001,,N/A,N/A
747877488RR0001,,N/A,N/A
747519486RR0001,,N/A,N/A
723783718RR0001,,N/A,N/A
745522482RR0001,,N/A,N/A
724841689RR0001,,N/A,N/A
744485889RR0001,,N/A,N/A
743561714RR0001,,N/A,N/A
743532913RR0001,,N/A,N/A
747329084RR0001,,N/A,N/A
793172511RR0001,,N/A,N/A
723757316RR0001,,N/A,N/A
746355510RR0001,,N/A,N/A
794728733RR0001,,N/A,N/A
722952314RR0001,,N/A,N/A
721759314RR0001,,N/A,N/A
720733112RR0001,,N/A,N/A
720399088RR0001,,N/A,N/A
720399682RR0001,,N/A,N/A
716504881RR0001,,N/A,N/A
747379287RR0001,,N/A,N/A
722339710RR0001,,N/A,N/A
747812113RR0001,,N/A,N/A
747405082RR0001,,N/A,N/A
743559510RR0001,,N/A,N/A
721339489RR0001,,N/A,N/A
723100483RR0001,,N/A,N/A
715769519RR0001,,N/A,N/A
724570916RR0001,,N/A,N/A
746427319RR0001,,N/A,N/A
719534513RR0001,,N/A,N/A
721344885RR0001,,N/A,N/A
720376888RR0001,,N/A,N/A
746383512RR0001,,N/A,N/A
721353084RR0001,,N/A,N/A
746565118RR0001,,N/A,N/A
720088319RR0001,,N/A,N/A
747309888RR0001,,N/A,N/A
715772117RR0001,,N/A,N/A
720100916RR0001,,N/A,N/A
720742311RR0001,,N/A,N/A
722224482RR0001,,N/A,N/A
746416114RR0001,,N/A,N/A
720094911RR0001,,N/A,N/A
720313113RR0001,,N/A,N/A
723104485RR0001,,N/A,N/A
719511511RR0001,,N/A,N/A
721353886RR0001,,N/A,N/A
720972314RR0001,,N/A,N/A
747403087RR0001,,N/A,N/A
747301489RR0001,,N/A,N/A
720965912RR0001,,N/A,N/A
747372084RR0001,,N/A,N/A
743532111RR0001,,N/A,N/A
744526880RR0001,,N/A,N/A
721124287RR0001,,N/A,N/A
720087113RR0001,,N/A,N/A
743534513RR0001,,N/A,N/A
749052684RR0001,,N/A,N/A
722223880RR0001,,N/A,N/A
721188910RR0001,,N/A,N/A
744528084RR0001,,N/A,N/A
719517310RR0001,,N/A,N/A
721777084RR0001,,N/A,N/A
720374883RR0001,,N/A,N/A
719518516RR0001,,N/A,N/A
719371916RR0001,,N/A,N/A
747325082RR0001,,N/A,N/A
721121481RR0001,,N/A,N/A
720739119RR0001,,N/A,N/A
720089911RR0001,,N/A,N/A
721774081RR0001,,N/A,N/A
746361914RR0001,,N/A,N/A
797737475RR0001,,N/A,N/A
748871480RR0001,,N/A,N/A
743505513RR0001,,N/A,N/A
720740711RR0001,,N/A,N/A
735112880RR0001,,N/A,N/A
713403111RR0001,,N/A,N/A
721333482RR0001,,N/A,N/A
746576917RR0001,,N/A,N/A
746374511RR0001,,N/A,N/A
720968510RR0001,,N/A,N/A
743537912RR0001,,N/A,N/A
746372515RR0001,,N/A,N/A
720373687RR0001,,N/A,N/A
721775286RR0001,,N/A,N/A
744235912RR0001,,N/A,N/A
722226883RR0001,,N/A,N/A
746446517RR0001,,N/A,N/A
715297115RR0001,,N/A,N/A
716264288RR0001,,N/A,N/A
722425683RR0001,,N/A,N/A
722422680RR0001,,N/A,N/A
747346484RR0001,,N/A,N/A
746234913RR0001,,N/A,N/A
746364314RR0001,,N/A,N/A
747512283RR0001,,N/A,N/A
745179085RR0001,,N/A,N/A
724868484RR0001,,N/A,N/A
746417716RR0001,,N/A,N/A
778335745RR0001,www.jw.org,N/A,N/A
795747336RR0001,,N/A,N/A
747604080RR0001,,N/A,N/A
719520918RR0001,,N/A,N/A
720374289RR0001,,N/A,N/A
821896958RR0001,,N/A,N/A
844795104RR0001,,N/A,N/A
106727548RR0001,,N/A,N/A
802955914RR0001,WWW.ASSEMBLEEDUSHILOH.COM,N/A,N/A
882575574RR0001,,N/A,N/A
846323160RR0001,WWW.LTP-QUEBEC.CA WWW.EDITIONSSAMY.CA,N/A,N/A
839536885RR0001,,N/A,N/A
854752532RR0001,,N/A,N/A
817284987RR0001,,N/A,N/A
730875085RR0001,,N/A,N/A
868104985RR0001,,N/A,N/A
749802302RR0001,,N/A,N/A
801022807RR0001,,N/A,N/A
118791516RR0001,,N/A,N/A
881793129RR0001,,N/A,N/A
770845923RR0001,,N/A,N/A
856803978RR0001,,N/A,N/A
118791532RR0001,,N/A,N/A
812251635RR0001,,N/A,N/A
118943059RR0001,,N/A,N/A
845941749RR0001,,N/A,N/A
868975335RR0001,WWW.AEPSH.ORG,N/A,N/A
846641868RR0001,,N/A,N/A
858721608RR0001,,N/A,N/A
106727589RR0001,,N/A,N/A
896973146RR0001,,N/A,N/A
850582669RR0001,WWW.ROCHERDUSALUT.ORG,N/A,N/A
890390842RR0001,,N/A,N/A
747381481RR0001,,N/A,N/A
862006202RR0001,,N/A,N/A
867542698RR0001,,N/A,N/A
796065936RR0001,,N/A,N/A
835616517RR0001,,N/A,N/A
889411971RR0001,,N/A,N/A
865730444RR0001,,N/A,N/A
771545290RR0001,,N/A,N/A
892975772RR0001,,N/A,N/A
860155993RR0001,WWW.EVANGELICALMISSION.COM,N/A,N/A
106727696RR0001,,N/A,N/A
879961811RR0001,,N/A,N/A
891837379RR0001,ASSEMBLYOFPRAYER.COM,N/A,N/A
106727829RR0001,WWW.FIREATAAC.ORG,N/A,N/A
118791805RR0001,,N/A,N/A
140262668RR0002,,N/A,N/A
780146460RR0001,,N/A,N/A
888129244RR0001,,N/A,N/A
878856061RR0001,,N/A,N/A
118792027RR0001,WWW.AGCOFCANADA.COM,admin@agcofcanada.com,N/A
,,N/A,N/A
893989061RR0001,WWW.VANCOUVERAPC.ORG,Inquiriesinfo@vancouverapc.orgPastoral,N/A
822382792RR0001,chabadcampus.ca,N/A,N/A
867610024RR0001,WWW.ICFCANADA.NET,N/A,N/A
131877532RR0001,,N/A,N/A
118792563RR0001,WWW.AEBEQ.QC.CA,info@aebeq.qc.ca,N/A
868014952RR0001,,N/A,N/A
848700365RR0001,,N/A,N/A
794305474RR0001,,N/A,N/A
138022769RR0001,,N/A,N/A
118797455RR0001,WWW.AVIATIONCHAPLAINCY.COM,N/A,N/A
139537724RR0001,WWW.ACEM.CA,N/A,N/A
880753215RR0001,VANCOUVERCITYOFDESTINY.COM,N/A,N/A
118794403RR0001,WWW.AFCMCANADA.ORG,afcmcan@telus.net,N/A
118794411RR0001,WWW.AFLCCANADA.ORG,N/A,N/A
894254499RR0001,WWW.APDBO.ORG,N/A,N/A
